Items Checked,Total Checks,Percentage Coverage
0,9,0.0
0,9,0.0
0,9,0.0
0,9,0.0
0,9,0.0
0,9,0.0
9,9,100.0
0,9,0.0
0,9,0.0
0,9,0.0
0,9,0.0
0,9,0.0
0,9,0.0
0,9,0.0
0,9,0.0
0,9,0.0
0,9,0.0
0,9,0.0
0,9,0.0
0,9,0.0
0,9,0.0
0,9,0.0
0,9,0.0
0,9,0.0
0,9,0.0
0,9,0.0
0,9,0.0
0,9,0.0
0,9,0.0
0,9,0.0
0,9,0.0
0,9,0.0
0,9,0.0
0,9,0.0
0,9,0.0
9,9,100.0
9,9,100.0
9,9,100.0
0,9,0.0
9,9,100.0
0,9,0.0
0,9,0.0
0,9,0.0
9,9,100.0
9,9,100.0
8,9,88.88888888888889
0,9,0.0
9,9,100.0
0,9,0.0
5,9,55.55555555555556
0,9,0.0
9,9,100.0
0,9,0.0
0,9,0.0
9,9,100.0
0,9,0.0
0,9,0.0
0,9,0.0
0,9,0.0
0,9,0.0
0,9,0.0
0,9,0.0
0,9,0.0
9,9,100.0
9,9,100.0
0,9,0.0
0,9,0.0
0,9,0.0
0,9,0.0
0,9,0.0
0,9,0.0
0,9,0.0
9,9,100.0
9,9,100.0
0,9,0.0
9,9,100.0
9,9,100.0
9,9,100.0
9,9,100.0
7,9,77.77777777777779
9,9,100.0
9,9,100.0
9,9,100.0
9,9,100.0
9,9,100.0
9,9,100.0
9,9,100.0
2,9,22.22222222222222
0,9,0.0
0,9,0.0
0,9,0.0
0,9,0.0
0,9,0.0
0,9,0.0
0,9,0.0
0,9,0.0
0,9,0.0
0,9,0.0
0,9,0.0
0,9,0.0
0,9,0.0
0,9,0.0
0,9,0.0
0,9,0.0
0,9,0.0
0,9,0.0
9,9,100.0
0,9,0.0
0,9,0.0
0,9,0.0
0,9,0.0
0,9,0.0
9,9,100.0
0,9,0.0
0,9,0.0
9,9,100.0
9,9,100.0
8,9,88.88888888888889
9,9,100.0
9,9,100.0
9,9,100.0
9,9,100.0
9,9,100.0
9,9,100.0
9,9,100.0
8,9,88.88888888888889
0,9,0.0
0,9,0.0
9,9,100.0
0,9,0.0
0,9,0.0
9,9,100.0
9,9,100.0
0,9,0.0
0,9,0.0
7,9,77.77777777777779
8,9,88.88888888888889
9,9,100.0
0,9,0.0
9,9,100.0
8,9,88.88888888888889
9,9,100.0
7,9,77.77777777777779
9,9,100.0
7,9,77.77777777777779
8,9,88.88888888888889
7,9,77.77777777777779
7,9,77.77777777777779
7,9,77.77777777777779
0,9,0.0
0,9,0.0
9,9,100.0
0,9,0.0
7,9,77.77777777777779
9,9,100.0
7,9,77.77777777777779
9,9,100.0
9,9,100.0
0,9,0.0
9,9,100.0
7,9,77.77777777777779
9,9,100.0
9,9,100.0
9,9,100.0
9,9,100.0
9,9,100.0
9,9,100.0
9,9,100.0
0,9,0.0
0,9,0.0
0,9,0.0
7,9,77.77777777777779
0,9,0.0
9,9,100.0
7,9,77.77777777777779
7,9,77.77777777777779
9,9,100.0
9,9,100.0
0,9,0.0
9,9,100.0
9,9,100.0
0,9,0.0
0,9,0.0
0,9,0.0
4,9,44.44444444444444
0,9,0.0
0,9,0.0
0,9,0.0
0,9,0.0
9,9,100.0
0,9,0.0
0,9,0.0
9,9,100.0
0,9,0.0
9,9,100.0
9,9,100.0
9,9,100.0
9,9,100.0
9,9,100.0
9,9,100.0
7,9,77.77777777777779
8,9,88.88888888888889
9,9,100.0
0,9,0.0
0,9,0.0
0,9,0.0
0,9,0.0
9,9,100.0
0,9,0.0
0,9,0.0
0,9,0.0
9,9,100.0
7,9,77.77777777777779
2,9,22.22222222222222
9,9,100.0
9,9,100.0
0,9,0.0
8,9,88.88888888888889
0,9,0.0
0,9,0.0
9,9,100.0
0,9,0.0
0,9,0.0
0,9,0.0
0,9,0.0
9,9,100.0
9,9,100.0
9,9,100.0
8,9,88.88888888888889
0,9,0.0
0,9,0.0
9,9,100.0
9,9,100.0
0,9,0.0
9,9,100.0
9,9,100.0
0,9,0.0
0,9,0.0
0,9,0.0
9,9,100.0
0,9,0.0
0,9,0.0
0,9,0.0
0,9,0.0
0,9,0.0
0,9,0.0
0,9,0.0
8,9,88.88888888888889
0,9,0.0
9,9,100.0
9,9,100.0
9,9,100.0
0,9,0.0
0,9,0.0
8,9,88.88888888888889
9,9,100.0
9,9,100.0
9,9,100.0
9,9,100.0
0,9,0.0
9,9,100.0
9,9,100.0
0,9,0.0
9,9,100.0
0,9,0.0
0,0,
9,9,100.0
0,9,0.0
9,9,100.0
0,9,0.0
0,9,0.0
0,9,0.0
0,9,0.0
9,9,100.0
0,9,0.0
9,9,100.0
9,9,100.0
9,9,100.0
9,9,100.0
9,9,100.0
8,9,88.88888888888889
9,9,100.0
0,9,0.0
0,8,0.0
7,8,87.5
8,8,100.0
8,8,100.0
0,0,
8,8,100.0
8,8,100.0
0,0,
8,8,100.0
0,0,
0,0,
0,0,
0,0,
8,8,100.0
0,0,
0,0,
0,0,
0,0,
0,0,
0,0,
0,0,
0,0,
0,0,
0,0,
0,0,
0,0,
0,0,
0,0,
0,0,
0,0,
0,0,
0,0,
0,0,
0,0,
0,0,
0,0,
0,0,
0,0,
0,0,
0,0,
0,0,
0,0,
0,0,
0,0,
0,0,
0,0,
0,0,
0,0,
0,0,
0,0,
0,0,
0,0,
0,0,
0,0,
0,0,
0,0,
0,0,
0,0,
0,0,
0,0,
0,0,
0,0,
0,0,
0,0,
0,0,
0,0,
0,0,
0,0,
0,0,
0,0,
0,0,
0,0,
0,0,
0,0,
0,0,
0,0,
0,0,
0,0,
0,0,
0,0,
0,0,
0,0,
0,0,
0,0,
0,0,
0,0,
0,0,
0,0,
0,0,
0,0,
0,0,
0,0,
0,0,
0,0,
0,0,
0,0,
0,0,
0,0,
0,0,
0,0,
0,0,
0,0,
0,0,
0,0,
0,0,
0,0,
0,0,
0,0,
0,0,
0,0,
0,0,
0,0,
0,0,
0,0,
0,0,
0,0,
0,0,
0,0,
0,0,
0,0,
0,0,
0,0,
0,0,
0,0,
0,0,
0,0,
0,0,
0,0,
0,0,
0,0,
0,0,
0,0,
0,0,
0,0,
0,0,
0,0,
0,0,
0,0,
0,0,
0,0,
0,0,
0,0,
0,0,
0,0,
0,0,
0,0,
0,0,
0,0,
0,0,
0,0,
0,0,
0,0,
0,0,
0,0,
0,0,
0,0,
0,0,
0,0,
0,0,
0,0,
0,0,
0,0,
0,0,
0,0,
0,0,
0,0,
0,0,
0,0,
0,0,
0,0,
0,0,
0,0,
0,0,
0,0,
0,0,
0,0,
0,0,
0,0,
0,0,
0,0,
0,0,
0,0,
0,0,
0,0,
0,0,
0,0,
0,0,
0,0,
0,0,
0,0,
0,0,
0,0,
0,0,
0,0,
0,0,
0,0,
0,0,
0,0,
0,0,
0,0,
0,0,
0,0,
0,0,
0,0,
0,0,
0,0,
0,0,
0,0,
0,0,
0,0,
0,0,
0,0,
0,0,
0,0,
0,0,
0,0,
0,0,
0,0,
0,0,
0,0,
0,0,
0,0,
0,0,
0,0,
0,0,
0,0,
0,0,
0,0,
0,0,
0,0,
0,0,
0,0,
0,0,
0,0,
0,0,
0,0,
0,0,
0,0,
0,0,
0,0,
0,0,
0,0,
0,0,
0,0,
0,0,
0,0,
0,0,
0,0,
0,0,
0,0,
0,0,
0,0,
0,0,
0,0,
0,0,
0,0,
0,0,
0,0,
0,0,
0,0,
0,0,
0,0,
0,0,
0,0,
0,0,
0,0,
0,0,
0,0,
0,0,
0,0,
0,0,
0,0,
